{"cameraMode":{"drawMode":0,"name":"Shaded","section":"Shading Mode"},"sceneLighting":true,"audioPlay":false,"sceneViewState":{"showFog":true,"showMaterialUpdate":false,"showSkybox":true,"showFlares":true,"showImageEffects":true,"showParticleSystems":true},"in2DMode":false,"pivot":{"x":-10.595460891723633,"y":-7.2752180099487309,"z":19.437929153442384},"rotation":{"x":0.19184285402297975,"y":-0.21673883497714997,"z":0.043484047055244449,"w":0.9562093019485474},"size":15.594236373901368,"orthographic":false}